{"cameraMode":{"drawMode":0,"name":"Shaded","section":"Shading Mode"},"sceneLighting":false,"audioPlay":false,"sceneViewState":{"showFog":true,"showMaterialUpdate":true,"showSkybox":false,"showFlares":true,"showImageEffects":true,"showParticleSystems":true},"in2DMode":false,"pivot":{"x":-7.397101879119873,"y":-4.142651081085205,"z":5.8137431144714359},"rotation":{"x":-0.04677071049809456,"y":0.03055892325937748,"z":-0.0014315067091956735,"w":-0.9984368681907654},"size":25.14107322692871,"orthographic":false}